{
  "accuracy": 0.8761388064284983,
  "f1_macro": 0.8177014993507234,
  "f1_binary": 0.7144879660217084,
  "auc": 0.9286175327987546,
  "confusion_matrix": [
    [
      7045,
      386
    ],
    [
      824,
      1514
    ]
  ],
  "subgroup_metrics": {
    "sex": {
      "groups": {
        "Female": {
          "n_samples": 3289,
          "accuracy": 0.9337184554575859,
          "f1_macro": 0.8081137932880158,
          "f1_binary": 0.6528662420382165,
          "auc": 0.9410084541400667,
          "positive_rate": 0.07935542718151414,
          "true_positive_rate": 0.11158406810580723
        },
        "Male": {
          "n_samples": 6480,
          "accuracy": 0.8469135802469135,
          "f1_macro": 0.8095557497740975,
          "f1_binary": 0.725207756232687,
          "auc": 0.9128837426336797,
          "positive_rate": 0.2529320987654321,
          "true_positive_rate": 0.30416666666666664
        }
      },
      "disparity": {
        "accuracy_max_diff": 0.08680487521067237,
        "f1_max_diff": 0.001441956486081697
      }
    },
    "race": {
      "groups": {
        "Amer-Indian-Eskimo": {
          "n_samples": 104,
          "accuracy": 0.9423076923076923,
          "f1_macro": 0.8175438596491228,
          "f1_binary": 0.6666666666666666,
          "auc": 0.8935672514619882,
          "positive_rate": 0.08653846153846154,
          "true_positive_rate": 0.08653846153846154
        },
        "Asian-Pac-Islander": {
          "n_samples": 304,
          "accuracy": 0.8552631578947368,
          "f1_macro": 0.8035252643948296,
          "f1_binary": 0.7027027027027027,
          "auc": 0.9076469253460404,
          "positive_rate": 0.23026315789473684,
          "true_positive_rate": 0.2565789473684211
        },
        "Black": {
          "n_samples": 944,
          "accuracy": 0.9258474576271186,
          "f1_macro": 0.8059734799102687,
          "f1_binary": 0.6534653465346535,
          "auc": 0.9482692829097336,
          "positive_rate": 0.0858050847457627,
          "true_positive_rate": 0.1281779661016949
        },
        "Other": {
          "n_samples": 69,
          "accuracy": 0.9130434782608695,
          "f1_macro": 0.7879098360655737,
          "f1_binary": 0.625,
          "auc": 0.9200626959247649,
          "positive_rate": 0.07246376811594203,
          "true_positive_rate": 0.15942028985507245
        },
        "White": {
          "n_samples": 8348,
          "accuracy": 0.870148538572113,
          "f1_macro": 0.8171616275636823,
          "f1_binary": 0.7187337830825117,
          "auc": 0.9265663256195371,
          "positive_rate": 0.20783421178725442,
          "true_positive_rate": 0.25383325347388597
        }
      },
      "disparity": {
        "accuracy_max_diff": 0.08704453441295545,
        "f1_max_diff": 0.029634023583549052
      }
    },
    "age": {
      "groups": {
        "<25": {
          "n_samples": 1969,
          "accuracy": 0.9878110716099543,
          "f1_macro": 0.7469151670951157,
          "f1_binary": 0.5,
          "auc": 0.9754099571576305,
          "positive_rate": 0.006602336211274758,
          "true_positive_rate": 0.017775520568816656
        },
        "25-35": {
          "n_samples": 2501,
          "accuracy": 0.8892443022790884,
          "f1_macro": 0.794122795208679,
          "f1_binary": 0.6541822721598003,
          "auc": 0.9181285814555246,
          "positive_rate": 0.1323470611755298,
          "true_positive_rate": 0.1879248300679728
        },
        "35-45": {
          "n_samples": 2357,
          "accuracy": 0.8239287229529062,
          "f1_macro": 0.7999516524176962,
          "f1_binary": 0.7306943543153797,
          "auc": 0.8966158747047163,
          "positive_rate": 0.30420025456088245,
          "true_positive_rate": 0.34959694526941026
        },
        "45-55": {
          "n_samples": 1675,
          "accuracy": 0.8286567164179105,
          "f1_macro": 0.8134657746704584,
          "f1_binary": 0.7602339181286549,
          "auc": 0.8996157924224808,
          "positive_rate": 0.3301492537313433,
          "true_positive_rate": 0.3844776119402985
        },
        ">55": {
          "n_samples": 1267,
          "accuracy": 0.8366219415943172,
          "f1_macro": 0.7860483442687545,
          "f1_binary": 0.6820276497695853,
          "auc": 0.8926343285848798,
          "positive_rate": 0.22573007103393844,
          "true_positive_rate": 0.2880820836621942
        }
      },
      "disparity": {
        "accuracy_max_diff": 0.1638823486570481,
        "f1_max_diff": 0.0665506075753427
      }
    }
  }
}